tier_id,sample_id,prompt_id,prompt,number,factors,factor_count,difficulty,bit_length,category,tier_description,answer
0,sample_0,0,Factor the number 10 into its prime factors.,10,2 × 5,2,6.0104076400856545,4,elementary,Basic factorization of small semiprimes,2 × 5
0,sample_0,1,"Is 10 a product of exactly 2 primes? If so, what are they?",10,2 × 5,2,6.0104076400856545,4,elementary,Basic factorization of small semiprimes,10
0,sample_0,2,Find the signature ω_K(10) for K = [1].,10,2 × 5,2,6.0104076400856545,4,elementary,Basic factorization of small semiprimes,
0,sample_0,3,"Determine whether 10 belongs to S(2,[1]).",10,2 × 5,2,6.0104076400856545,4,elementary,Basic factorization of small semiprimes,
0,sample_1,0,Factor the number 14 into its prime factors.,14,2 × 7,2,5.874425566780549,4,elementary,Basic factorization of small semiprimes,2 × 7
0,sample_1,1,"Is 14 a product of exactly 2 primes? If so, what are they?",14,2 × 7,2,5.874425566780549,4,elementary,Basic factorization of small semiprimes,14
0,sample_1,2,Find the signature ω_K(14) for K = [1].,14,2 × 7,2,5.874425566780549,4,elementary,Basic factorization of small semiprimes,
0,sample_1,3,"Determine whether 14 belongs to S(2,[1]).",14,2 × 7,2,5.874425566780549,4,elementary,Basic factorization of small semiprimes,
0,sample_2,0,Factor the number 15 into its prime factors.,15,3 × 5,2,6.394704803773995,4,elementary,Basic factorization of small semiprimes,3 × 5
0,sample_2,1,"Is 15 a product of exactly 2 primes? If so, what are they?",15,3 × 5,2,6.394704803773995,4,elementary,Basic factorization of small semiprimes,15
0,sample_2,2,Find the signature ω_K(15) for K = [1].,15,3 × 5,2,6.394704803773995,4,elementary,Basic factorization of small semiprimes,
0,sample_2,3,"Determine whether 15 belongs to S(2,[1]).",15,3 × 5,2,6.394704803773995,4,elementary,Basic factorization of small semiprimes,
0,sample_3,0,Factor the number 15 into its prime factors.,15,3 × 5,2,6.394704803773995,4,elementary,Basic factorization of small semiprimes,3 × 5
0,sample_3,1,"Is 15 a product of exactly 2 primes? If so, what are they?",15,3 × 5,2,6.394704803773995,4,elementary,Basic factorization of small semiprimes,15
0,sample_3,2,Find the signature ω_K(15) for K = [1].,15,3 × 5,2,6.394704803773995,4,elementary,Basic factorization of small semiprimes,
0,sample_3,3,"Determine whether 15 belongs to S(2,[1]).",15,3 × 5,2,6.394704803773995,4,elementary,Basic factorization of small semiprimes,
0,sample_4,0,Factor the number 49 into its prime factors.,49,7 × 7,2,16.970562748477143,6,elementary,Basic factorization of small semiprimes,7 × 7
0,sample_4,1,"Is 49 a product of exactly 2 primes? If so, what are they?",49,7 × 7,2,16.970562748477143,6,elementary,Basic factorization of small semiprimes,49
0,sample_4,2,Find the signature ω_K(49) for K = [1].,49,7 × 7,2,16.970562748477143,6,elementary,Basic factorization of small semiprimes,
0,sample_4,3,"Determine whether 49 belongs to S(2,[1]).",49,7 × 7,2,16.970562748477143,6,elementary,Basic factorization of small semiprimes,
1,sample_0,0,Factor the number 13 into its prime factors.,13,13,1,4.363636363636363,4,elementary,Mixed small semiprimes,13
1,sample_0,1,"Is 13 a product of exactly 1 primes? If so, what are they?",13,13,1,4.363636363636363,4,elementary,Mixed small semiprimes,13
1,sample_0,2,"Find the signature ω_K(13) for K = [1, 2].",13,13,1,4.363636363636363,4,elementary,Mixed small semiprimes,
1,sample_0,3,"Determine whether 13 belongs to S(1,[1, 2]).",13,13,1,4.363636363636363,4,elementary,Mixed small semiprimes,
1,sample_1,0,Factor the number 10 into its prime factors.,10,2 × 5,2,6.0104076400856545,4,elementary,Mixed small semiprimes,2 × 5
1,sample_1,1,"Is 10 a product of exactly 2 primes? If so, what are they?",10,2 × 5,2,6.0104076400856545,4,elementary,Mixed small semiprimes,10
1,sample_1,2,"Find the signature ω_K(10) for K = [1, 2].",10,2 × 5,2,6.0104076400856545,4,elementary,Mixed small semiprimes,
1,sample_1,3,"Determine whether 10 belongs to S(2,[1, 2]).",10,2 × 5,2,6.0104076400856545,4,elementary,Mixed small semiprimes,
1,sample_2,0,Factor the number 3 into its prime factors.,3,3,1,2.1818181818181817,2,elementary,Mixed small semiprimes,3
1,sample_2,1,"Is 3 a product of exactly 1 primes? If so, what are they?",3,3,1,2.1818181818181817,2,elementary,Mixed small semiprimes,3
1,sample_2,2,"Find the signature ω_K(3) for K = [1, 2].",3,3,1,2.1818181818181817,2,elementary,Mixed small semiprimes,
1,sample_2,3,"Determine whether 3 belongs to S(1,[1, 2]).",3,3,1,2.1818181818181817,2,elementary,Mixed small semiprimes,
1,sample_3,0,Factor the number 15 into its prime factors.,15,3 × 5,2,6.394704803773995,4,elementary,Mixed small semiprimes,3 × 5
1,sample_3,1,"Is 15 a product of exactly 2 primes? If so, what are they?",15,3 × 5,2,6.394704803773995,4,elementary,Mixed small semiprimes,15
1,sample_3,2,"Find the signature ω_K(15) for K = [1, 2].",15,3 × 5,2,6.394704803773995,4,elementary,Mixed small semiprimes,
1,sample_3,3,"Determine whether 15 belongs to S(2,[1, 2]).",15,3 × 5,2,6.394704803773995,4,elementary,Mixed small semiprimes,
1,sample_4,0,Factor the number 3 into its prime factors.,3,3,1,2.1818181818181817,2,elementary,Mixed small semiprimes,3
1,sample_4,1,"Is 3 a product of exactly 1 primes? If so, what are they?",3,3,1,2.1818181818181817,2,elementary,Mixed small semiprimes,3
1,sample_4,2,"Find the signature ω_K(3) for K = [1, 2].",3,3,1,2.1818181818181817,2,elementary,Mixed small semiprimes,
1,sample_4,3,"Determine whether 3 belongs to S(1,[1, 2]).",3,3,1,2.1818181818181817,2,elementary,Mixed small semiprimes,
2,sample_0,0,Factor the number 83 into its prime factors.,83,83,1,7.636363636363636,7,elementary,Multiple medium factors,83
2,sample_0,1,"Is 83 a product of exactly 1 primes? If so, what are they?",83,83,1,7.636363636363636,7,elementary,Multiple medium factors,83
2,sample_0,2,Find the signature ω_K(83) for K = [2].,83,83,1,7.636363636363636,7,elementary,Multiple medium factors,
2,sample_0,3,"Determine whether 83 belongs to S(1,[2]).",83,83,1,7.636363636363636,7,elementary,Multiple medium factors,
2,sample_1,0,Factor the number 89 into its prime factors.,89,89,1,7.636363636363636,7,elementary,Multiple medium factors,89
2,sample_1,1,"Is 89 a product of exactly 1 primes? If so, what are they?",89,89,1,7.636363636363636,7,elementary,Multiple medium factors,89
2,sample_1,2,Find the signature ω_K(89) for K = [2].,89,89,1,7.636363636363636,7,elementary,Multiple medium factors,
2,sample_1,3,"Determine whether 89 belongs to S(1,[2]).",89,89,1,7.636363636363636,7,elementary,Multiple medium factors,
2,sample_2,0,Factor the number 83 into its prime factors.,83,83,1,7.636363636363636,7,elementary,Multiple medium factors,83
2,sample_2,1,"Is 83 a product of exactly 1 primes? If so, what are they?",83,83,1,7.636363636363636,7,elementary,Multiple medium factors,83
2,sample_2,2,Find the signature ω_K(83) for K = [2].,83,83,1,7.636363636363636,7,elementary,Multiple medium factors,
2,sample_2,3,"Determine whether 83 belongs to S(1,[2]).",83,83,1,7.636363636363636,7,elementary,Multiple medium factors,
2,sample_3,0,Factor the number 1147 into its prime factors.,1147,31 × 37,2,20.855764842908723,11,elementary,Multiple medium factors,31 × 37
2,sample_3,1,"Is 1147 a product of exactly 2 primes? If so, what are they?",1147,31 × 37,2,20.855764842908723,11,elementary,Multiple medium factors,1147
2,sample_3,2,Find the signature ω_K(1147) for K = [2].,1147,31 × 37,2,20.855764842908723,11,elementary,Multiple medium factors,
2,sample_3,3,"Determine whether 1147 belongs to S(2,[2]).",1147,31 × 37,2,20.855764842908723,11,elementary,Multiple medium factors,
2,sample_4,0,Factor the number 83 into its prime factors.,83,83,1,7.636363636363636,7,elementary,Multiple medium factors,83
2,sample_4,1,"Is 83 a product of exactly 1 primes? If so, what are they?",83,83,1,7.636363636363636,7,elementary,Multiple medium factors,83
2,sample_4,2,Find the signature ω_K(83) for K = [2].,83,83,1,7.636363636363636,7,elementary,Multiple medium factors,
2,sample_4,3,"Determine whether 83 belongs to S(1,[2]).",83,83,1,7.636363636363636,7,elementary,Multiple medium factors,
3,sample_0,0,Factor the number 511535 into its prime factors.,511535,5 × 263 × 389,3,55.743806620890766,19,intermediate,Mixed medium factorization,5 × 263 × 389
3,sample_0,1,"Is 511535 a product of exactly 3 primes? If so, what are they?",511535,5 × 263 × 389,3,55.743806620890766,19,intermediate,Mixed medium factorization,511535
3,sample_0,2,"Find the signature ω_K(511535) for K = [1, 2, 3].",511535,5 × 263 × 389,3,55.743806620890766,19,intermediate,Mixed medium factorization,
3,sample_0,3,"Determine whether 511535 belongs to S(3,[1, 2, 3]).",511535,5 × 263 × 389,3,55.743806620890766,19,intermediate,Mixed medium factorization,
3,sample_1,0,Factor the number 13199 into its prime factors.,13199,67 × 197,2,23.365559921709973,14,intermediate,Mixed medium factorization,67 × 197
3,sample_1,1,"Is 13199 a product of exactly 2 primes? If so, what are they?",13199,67 × 197,2,23.365559921709973,14,intermediate,Mixed medium factorization,13199
3,sample_1,2,"Find the signature ω_K(13199) for K = [1, 2, 3].",13199,67 × 197,2,23.365559921709973,14,intermediate,Mixed medium factorization,
3,sample_1,3,"Determine whether 13199 belongs to S(2,[1, 2, 3]).",13199,67 × 197,2,23.365559921709973,14,intermediate,Mixed medium factorization,
3,sample_2,0,Factor the number 335 into its prime factors.,335,5 × 67,2,14.433463617579811,9,intermediate,Mixed medium factorization,5 × 67
3,sample_2,1,"Is 335 a product of exactly 2 primes? If so, what are they?",335,5 × 67,2,14.433463617579811,9,intermediate,Mixed medium factorization,335
3,sample_2,2,"Find the signature ω_K(335) for K = [1, 2, 3].",335,5 × 67,2,14.433463617579811,9,intermediate,Mixed medium factorization,
3,sample_2,3,"Determine whether 335 belongs to S(2,[1, 2, 3]).",335,5 × 67,2,14.433463617579811,9,intermediate,Mixed medium factorization,
3,sample_3,0,Factor the number 3901 into its prime factors.,3901,47 × 83,2,18.93030832385411,12,intermediate,Mixed medium factorization,47 × 83
3,sample_3,1,"Is 3901 a product of exactly 2 primes? If so, what are they?",3901,47 × 83,2,18.93030832385411,12,intermediate,Mixed medium factorization,3901
3,sample_3,2,"Find the signature ω_K(3901) for K = [1, 2, 3].",3901,47 × 83,2,18.93030832385411,12,intermediate,Mixed medium factorization,
3,sample_3,3,"Determine whether 3901 belongs to S(2,[1, 2, 3]).",3901,47 × 83,2,18.93030832385411,12,intermediate,Mixed medium factorization,
3,sample_4,0,Factor the number 2503555 into its prime factors.,2503555,5 × 587 × 853,3,64.99111247026848,22,intermediate,Mixed medium factorization,5 × 587 × 853
3,sample_4,1,"Is 2503555 a product of exactly 3 primes? If so, what are they?",2503555,5 × 587 × 853,3,64.99111247026848,22,intermediate,Mixed medium factorization,2503555
3,sample_4,2,"Find the signature ω_K(2503555) for K = [1, 2, 3].",2503555,5 × 587 × 853,3,64.99111247026848,22,intermediate,Mixed medium factorization,
3,sample_4,3,"Determine whether 2503555 belongs to S(3,[1, 2, 3]).",2503555,5 × 587 × 853,3,64.99111247026848,22,intermediate,Mixed medium factorization,
4,sample_0,0,Factor the number 43114657 into its prime factors.,43114657,37 × 41 × 97 × 293,4,84.20454545454545,26,intermediate,Complex mixed factorization,37 × 41 × 97 × 293
4,sample_0,1,"Is 43114657 a product of exactly 4 primes? If so, what are they?",43114657,37 × 41 × 97 × 293,4,84.20454545454545,26,intermediate,Complex mixed factorization,43114657
4,sample_0,2,"Find the signature ω_K(43114657) for K = [2, 3, 4].",43114657,37 × 41 × 97 × 293,4,84.20454545454545,26,intermediate,Complex mixed factorization,
4,sample_0,3,"Determine whether 43114657 belongs to S(4,[2, 3, 4]).",43114657,37 × 41 × 97 × 293,4,84.20454545454545,26,intermediate,Complex mixed factorization,
4,sample_1,0,Factor the number 316039 into its prime factors.,316039,53 × 67 × 89,3,41.946142355320895,19,intermediate,Complex mixed factorization,53 × 67 × 89
4,sample_1,1,"Is 316039 a product of exactly 3 primes? If so, what are they?",316039,53 × 67 × 89,3,41.946142355320895,19,intermediate,Complex mixed factorization,316039
4,sample_1,2,"Find the signature ω_K(316039) for K = [2, 3, 4].",316039,53 × 67 × 89,3,41.946142355320895,19,intermediate,Complex mixed factorization,
4,sample_1,3,"Determine whether 316039 belongs to S(3,[2, 3, 4]).",316039,53 × 67 × 89,3,41.946142355320895,19,intermediate,Complex mixed factorization,
4,sample_2,0,Factor the number 1108086769 into its prime factors.,1108086769,83 × 3257 × 4099,3,99.19003210845771,31,intermediate,Complex mixed factorization,83 × 3257 × 4099
4,sample_2,1,"Is 1108086769 a product of exactly 3 primes? If so, what are they?",1108086769,83 × 3257 × 4099,3,99.19003210845771,31,intermediate,Complex mixed factorization,1108086769
4,sample_2,2,"Find the signature ω_K(1108086769) for K = [2, 3, 4].",1108086769,83 × 3257 × 4099,3,99.19003210845771,31,intermediate,Complex mixed factorization,
4,sample_2,3,"Determine whether 1108086769 belongs to S(3,[2, 3, 4]).",1108086769,83 × 3257 × 4099,3,99.19003210845771,31,intermediate,Complex mixed factorization,
4,sample_3,0,Factor the number 95341357 into its prime factors.,95341357,29 × 709 × 4637,3,63.45935471234023,27,intermediate,Complex mixed factorization,29 × 709 × 4637
4,sample_3,1,"Is 95341357 a product of exactly 3 primes? If so, what are they?",95341357,29 × 709 × 4637,3,63.45935471234023,27,intermediate,Complex mixed factorization,95341357
4,sample_3,2,"Find the signature ω_K(95341357) for K = [2, 3, 4].",95341357,29 × 709 × 4637,3,63.45935471234023,27,intermediate,Complex mixed factorization,
4,sample_3,3,"Determine whether 95341357 belongs to S(3,[2, 3, 4]).",95341357,29 × 709 × 4637,3,63.45935471234023,27,intermediate,Complex mixed factorization,
4,sample_4,0,Factor the number 648146069 into its prime factors.,648146069,19 × 4549 × 7499,3,85.08307262250146,30,intermediate,Complex mixed factorization,19 × 4549 × 7499
4,sample_4,1,"Is 648146069 a product of exactly 3 primes? If so, what are they?",648146069,19 × 4549 × 7499,3,85.08307262250146,30,intermediate,Complex mixed factorization,648146069
4,sample_4,2,"Find the signature ω_K(648146069) for K = [2, 3, 4].",648146069,19 × 4549 × 7499,3,85.08307262250146,30,intermediate,Complex mixed factorization,
4,sample_4,3,"Determine whether 648146069 belongs to S(3,[2, 3, 4]).",648146069,19 × 4549 × 7499,3,85.08307262250146,30,intermediate,Complex mixed factorization,
5,sample_0,0,Factor the number 20089 into its prime factors.,20089,20089,1,16.363636363636363,15,advanced,RSA-like semiprimes,20089
5,sample_0,1,"Is 20089 a product of exactly 1 primes? If so, what are they?",20089,20089,1,16.363636363636363,15,advanced,RSA-like semiprimes,20089
5,sample_0,2,"Find the signature ω_K(20089) for K = [4, 5].",20089,20089,1,16.363636363636363,15,advanced,RSA-like semiprimes,
5,sample_0,3,"Determine whether 20089 belongs to S(1,[4, 5]).",20089,20089,1,16.363636363636363,15,advanced,RSA-like semiprimes,
5,sample_1,0,Factor the number 3121 into its prime factors.,3121,3121,1,13.09090909090909,12,advanced,RSA-like semiprimes,3121
5,sample_1,1,"Is 3121 a product of exactly 1 primes? If so, what are they?",3121,3121,1,13.09090909090909,12,advanced,RSA-like semiprimes,3121
5,sample_1,2,"Find the signature ω_K(3121) for K = [4, 5].",3121,3121,1,13.09090909090909,12,advanced,RSA-like semiprimes,
5,sample_1,3,"Determine whether 3121 belongs to S(1,[4, 5]).",3121,3121,1,13.09090909090909,12,advanced,RSA-like semiprimes,
5,sample_2,0,Factor the number 9659717 into its prime factors.,9659717,2381 × 4057,2,38.16315254926337,24,advanced,RSA-like semiprimes,2381 × 4057
5,sample_2,1,"Is 9659717 a product of exactly 2 primes? If so, what are they?",9659717,2381 × 4057,2,38.16315254926337,24,advanced,RSA-like semiprimes,9659717
5,sample_2,2,"Find the signature ω_K(9659717) for K = [4, 5].",9659717,2381 × 4057,2,38.16315254926337,24,advanced,RSA-like semiprimes,
5,sample_2,3,"Determine whether 9659717 belongs to S(2,[4, 5]).",9659717,2381 × 4057,2,38.16315254926337,24,advanced,RSA-like semiprimes,
5,sample_3,0,Factor the number 1083480649 into its prime factors.,1083480649,19993 × 54193,2,46.26195323372586,31,advanced,RSA-like semiprimes,19993 × 54193
5,sample_3,1,"Is 1083480649 a product of exactly 2 primes? If so, what are they?",1083480649,19993 × 54193,2,46.26195323372586,31,advanced,RSA-like semiprimes,1083480649
5,sample_3,2,"Find the signature ω_K(1083480649) for K = [4, 5].",1083480649,19993 × 54193,2,46.26195323372586,31,advanced,RSA-like semiprimes,
5,sample_3,3,"Determine whether 1083480649 belongs to S(2,[4, 5]).",1083480649,19993 × 54193,2,46.26195323372586,31,advanced,RSA-like semiprimes,
5,sample_4,0,Factor the number 26951 into its prime factors.,26951,26951,1,16.363636363636363,15,advanced,RSA-like semiprimes,26951
5,sample_4,1,"Is 26951 a product of exactly 1 primes? If so, what are they?",26951,26951,1,16.363636363636363,15,advanced,RSA-like semiprimes,26951
5,sample_4,2,"Find the signature ω_K(26951) for K = [4, 5].",26951,26951,1,16.363636363636363,15,advanced,RSA-like semiprimes,
5,sample_4,3,"Determine whether 26951 belongs to S(1,[4, 5]).",26951,26951,1,16.363636363636363,15,advanced,RSA-like semiprimes,
6,sample_0,0,Factor the number 165 into its prime factors.,165,3 × 5 × 11,3,17.40418202774524,8,advanced,Mixed with one large prime,3 × 5 × 11
6,sample_0,1,"Is 165 a product of exactly 3 primes? If so, what are they?",165,3 × 5 × 11,3,17.40418202774524,8,advanced,Mixed with one large prime,165
6,sample_0,2,"Find the signature ω_K(165) for K = [1, 2, 6].",165,3 × 5 × 11,3,17.40418202774524,8,advanced,Mixed with one large prime,
6,sample_0,3,"Determine whether 165 belongs to S(3,[1, 2, 6]).",165,3 × 5 × 11,3,17.40418202774524,8,advanced,Mixed with one large prime,
6,sample_1,0,Factor the number 8890934 into its prime factors.,8890934,2 × 13 × 341959,3,141.03842290203715,24,advanced,Mixed with one large prime,2 × 13 × 341959
6,sample_1,1,"Is 8890934 a product of exactly 3 primes? If so, what are they?",8890934,2 × 13 × 341959,3,141.03842290203715,24,advanced,Mixed with one large prime,8890934
6,sample_1,2,"Find the signature ω_K(8890934) for K = [1, 2, 6].",8890934,2 × 13 × 341959,3,141.03842290203715,24,advanced,Mixed with one large prime,
6,sample_1,3,"Determine whether 8890934 belongs to S(3,[1, 2, 6]).",8890934,2 × 13 × 341959,3,141.03842290203715,24,advanced,Mixed with one large prime,
6,sample_2,0,Factor the number 31 into its prime factors.,31,31,1,5.454545454545454,5,advanced,Mixed with one large prime,31
6,sample_2,1,"Is 31 a product of exactly 1 primes? If so, what are they?",31,31,1,5.454545454545454,5,advanced,Mixed with one large prime,31
6,sample_2,2,"Find the signature ω_K(31) for K = [1, 2, 6].",31,31,1,5.454545454545454,5,advanced,Mixed with one large prime,
6,sample_2,3,"Determine whether 31 belongs to S(1,[1, 2, 6]).",31,31,1,5.454545454545454,5,advanced,Mixed with one large prime,
6,sample_3,0,Factor the number 163027518299 into its prime factors.,163027518299,209771 × 777169,2,55.6560900165074,38,advanced,Mixed with one large prime,209771 × 777169
6,sample_3,1,"Is 163027518299 a product of exactly 2 primes? If so, what are they?",163027518299,209771 × 777169,2,55.6560900165074,38,advanced,Mixed with one large prime,163027518299
6,sample_3,2,"Find the signature ω_K(163027518299) for K = [1, 2, 6].",163027518299,209771 × 777169,2,55.6560900165074,38,advanced,Mixed with one large prime,
6,sample_3,3,"Determine whether 163027518299 belongs to S(2,[1, 2, 6]).",163027518299,209771 × 777169,2,55.6560900165074,38,advanced,Mixed with one large prime,
6,sample_4,0,Factor the number 3901 into its prime factors.,3901,47 × 83,2,18.93030832385411,12,advanced,Mixed with one large prime,47 × 83
6,sample_4,1,"Is 3901 a product of exactly 2 primes? If so, what are they?",3901,47 × 83,2,18.93030832385411,12,advanced,Mixed with one large prime,3901
6,sample_4,2,"Find the signature ω_K(3901) for K = [1, 2, 6].",3901,47 × 83,2,18.93030832385411,12,advanced,Mixed with one large prime,
6,sample_4,3,"Determine whether 3901 belongs to S(2,[1, 2, 6]).",3901,47 × 83,2,18.93030832385411,12,advanced,Mixed with one large prime,
7,sample_0,0,Factor the number 60091 into its prime factors.,60091,60091,1,17.454545454545453,16,advanced,Adversarial large semiprimes,60091
7,sample_0,1,"Is 60091 a product of exactly 1 primes? If so, what are they?",60091,60091,1,17.454545454545453,16,advanced,Adversarial large semiprimes,60091
7,sample_0,2,Find the signature ω_K(60091) for K = [5].,60091,60091,1,17.454545454545453,16,advanced,Adversarial large semiprimes,
7,sample_0,3,"Determine whether 60091 belongs to S(1,[5]).",60091,60091,1,17.454545454545453,16,advanced,Adversarial large semiprimes,
7,sample_1,0,Factor the number 3135560333 into its prime factors.,3135560333,42169 × 74357,2,50.496851127629434,32,advanced,Adversarial large semiprimes,42169 × 74357
7,sample_1,1,"Is 3135560333 a product of exactly 2 primes? If so, what are they?",3135560333,42169 × 74357,2,50.496851127629434,32,advanced,Adversarial large semiprimes,3135560333
7,sample_1,2,Find the signature ω_K(3135560333) for K = [5].,3135560333,42169 × 74357,2,50.496851127629434,32,advanced,Adversarial large semiprimes,
7,sample_1,3,"Determine whether 3135560333 belongs to S(2,[5]).",3135560333,42169 × 74357,2,50.496851127629434,32,advanced,Adversarial large semiprimes,
7,sample_2,0,Factor the number 1069737301 into its prime factors.,1069737301,13457 × 79493,2,43.27371727930906,30,advanced,Adversarial large semiprimes,13457 × 79493
7,sample_2,1,"Is 1069737301 a product of exactly 2 primes? If so, what are they?",1069737301,13457 × 79493,2,43.27371727930906,30,advanced,Adversarial large semiprimes,1069737301
7,sample_2,2,Find the signature ω_K(1069737301) for K = [5].,1069737301,13457 × 79493,2,43.27371727930906,30,advanced,Adversarial large semiprimes,
7,sample_2,3,"Determine whether 1069737301 belongs to S(2,[5]).",1069737301,13457 × 79493,2,43.27371727930906,30,advanced,Adversarial large semiprimes,
7,sample_3,0,Factor the number 5106099059 into its prime factors.,5106099059,66931 × 76289,2,66.12943358871124,33,advanced,Adversarial large semiprimes,66931 × 76289
7,sample_3,1,"Is 5106099059 a product of exactly 2 primes? If so, what are they?",5106099059,66931 × 76289,2,66.12943358871124,33,advanced,Adversarial large semiprimes,5106099059
7,sample_3,2,Find the signature ω_K(5106099059) for K = [5].,5106099059,66931 × 76289,2,66.12943358871124,33,advanced,Adversarial large semiprimes,
7,sample_3,3,"Determine whether 5106099059 belongs to S(2,[5]).",5106099059,66931 × 76289,2,66.12943358871124,33,advanced,Adversarial large semiprimes,
7,sample_4,0,Factor the number 46273 into its prime factors.,46273,46273,1,17.454545454545453,16,advanced,Adversarial large semiprimes,46273
7,sample_4,1,"Is 46273 a product of exactly 1 primes? If so, what are they?",46273,46273,1,17.454545454545453,16,advanced,Adversarial large semiprimes,46273
7,sample_4,2,Find the signature ω_K(46273) for K = [5].,46273,46273,1,17.454545454545453,16,advanced,Adversarial large semiprimes,
7,sample_4,3,"Determine whether 46273 belongs to S(1,[5]).",46273,46273,1,17.454545454545453,16,advanced,Adversarial large semiprimes,
8,sample_0,0,Factor the number 1293760835825551 into its prime factors.,1293760835825551,35933 × 38239 × 941573,3,157.93303919153203,51,research,Multiple large prime factors,35933 × 38239 × 941573
8,sample_0,1,"Is 1293760835825551 a product of exactly 3 primes? If so, what are they?",1293760835825551,35933 × 38239 × 941573,3,157.93303919153203,51,research,Multiple large prime factors,1293760835825551
8,sample_0,2,"Find the signature ω_K(1293760835825551) for K = [5, 6].",1293760835825551,35933 × 38239 × 941573,3,157.93303919153203,51,research,Multiple large prime factors,
8,sample_0,3,"Determine whether 1293760835825551 belongs to S(3,[5, 6]).",1293760835825551,35933 × 38239 × 941573,3,157.93303919153203,51,research,Multiple large prime factors,
8,sample_1,0,Factor the number 17041 into its prime factors.,17041,17041,1,16.363636363636363,15,research,Multiple large prime factors,17041
8,sample_1,1,"Is 17041 a product of exactly 1 primes? If so, what are they?",17041,17041,1,16.363636363636363,15,research,Multiple large prime factors,17041
8,sample_1,2,"Find the signature ω_K(17041) for K = [5, 6].",17041,17041,1,16.363636363636363,15,research,Multiple large prime factors,
8,sample_1,3,"Determine whether 17041 belongs to S(1,[5, 6]).",17041,17041,1,16.363636363636363,15,research,Multiple large prime factors,
8,sample_2,0,Factor the number 39213518447 into its prime factors.,39213518447,70141 × 559067,2,58.08570099725081,36,research,Multiple large prime factors,70141 × 559067
8,sample_2,1,"Is 39213518447 a product of exactly 2 primes? If so, what are they?",39213518447,70141 × 559067,2,58.08570099725081,36,research,Multiple large prime factors,39213518447
8,sample_2,2,"Find the signature ω_K(39213518447) for K = [5, 6].",39213518447,70141 × 559067,2,58.08570099725081,36,research,Multiple large prime factors,
8,sample_2,3,"Determine whether 39213518447 belongs to S(2,[5, 6]).",39213518447,70141 × 559067,2,58.08570099725081,36,research,Multiple large prime factors,
8,sample_3,0,Factor the number 2375852603 into its prime factors.,2375852603,41077 × 57839,2,54.16216287968528,32,research,Multiple large prime factors,41077 × 57839
8,sample_3,1,"Is 2375852603 a product of exactly 2 primes? If so, what are they?",2375852603,41077 × 57839,2,54.16216287968528,32,research,Multiple large prime factors,2375852603
8,sample_3,2,"Find the signature ω_K(2375852603) for K = [5, 6].",2375852603,41077 × 57839,2,54.16216287968528,32,research,Multiple large prime factors,
8,sample_3,3,"Determine whether 2375852603 belongs to S(2,[5, 6]).",2375852603,41077 × 57839,2,54.16216287968528,32,research,Multiple large prime factors,
8,sample_4,0,Factor the number 151137696263 into its prime factors.,151137696263,384497 × 393079,2,97.67412825826624,38,research,Multiple large prime factors,384497 × 393079
8,sample_4,1,"Is 151137696263 a product of exactly 2 primes? If so, what are they?",151137696263,384497 × 393079,2,97.67412825826624,38,research,Multiple large prime factors,151137696263
8,sample_4,2,"Find the signature ω_K(151137696263) for K = [5, 6].",151137696263,384497 × 393079,2,97.67412825826624,38,research,Multiple large prime factors,
8,sample_4,3,"Determine whether 151137696263 belongs to S(2,[5, 6]).",151137696263,384497 × 393079,2,97.67412825826624,38,research,Multiple large prime factors,
9,sample_0,0,Factor the number 214717 into its prime factors.,214717,41 × 5237,2,38.21387203614463,18,research,Many medium-sized factors,41 × 5237
9,sample_0,1,"Is 214717 a product of exactly 2 primes? If so, what are they?",214717,41 × 5237,2,38.21387203614463,18,research,Many medium-sized factors,214717
9,sample_0,2,"Find the signature ω_K(214717) for K = [2, 3, 4].",214717,41 × 5237,2,38.21387203614463,18,research,Many medium-sized factors,
9,sample_0,3,"Determine whether 214717 belongs to S(2,[2, 3, 4]).",214717,41 × 5237,2,38.21387203614463,18,research,Many medium-sized factors,
9,sample_1,0,Factor the number 68401 into its prime factors.,68401,73 × 937,2,27.273440475848332,17,research,Many medium-sized factors,73 × 937
9,sample_1,1,"Is 68401 a product of exactly 2 primes? If so, what are they?",68401,73 × 937,2,27.273440475848332,17,research,Many medium-sized factors,68401
9,sample_1,2,"Find the signature ω_K(68401) for K = [2, 3, 4].",68401,73 × 937,2,27.273440475848332,17,research,Many medium-sized factors,
9,sample_1,3,"Determine whether 68401 belongs to S(2,[2, 3, 4]).",68401,73 × 937,2,27.273440475848332,17,research,Many medium-sized factors,
9,sample_2,0,Factor the number 6004183 into its prime factors.,6004183,743 × 8081,2,36.95957749289895,23,research,Many medium-sized factors,743 × 8081
9,sample_2,1,"Is 6004183 a product of exactly 2 primes? If so, what are they?",6004183,743 × 8081,2,36.95957749289895,23,research,Many medium-sized factors,6004183
9,sample_2,2,"Find the signature ω_K(6004183) for K = [2, 3, 4].",6004183,743 × 8081,2,36.95957749289895,23,research,Many medium-sized factors,
9,sample_2,3,"Determine whether 6004183 belongs to S(2,[2, 3, 4]).",6004183,743 × 8081,2,36.95957749289895,23,research,Many medium-sized factors,
9,sample_3,0,Factor the number 33325814951 into its prime factors.,33325814951,11 × 13 × 89 × 563 × 4651,5,139.96342914647073,35,research,Many medium-sized factors,11 × 13 × 89 × 563 × 4651
9,sample_3,1,"Is 33325814951 a product of exactly 5 primes? If so, what are they?",33325814951,11 × 13 × 89 × 563 × 4651,5,139.96342914647073,35,research,Many medium-sized factors,33325814951
9,sample_3,2,"Find the signature ω_K(33325814951) for K = [2, 3, 4].",33325814951,11 × 13 × 89 × 563 × 4651,5,139.96342914647073,35,research,Many medium-sized factors,
9,sample_3,3,"Determine whether 33325814951 belongs to S(5,[2, 3, 4]).",33325814951,11 × 13 × 89 × 563 × 4651,5,139.96342914647073,35,research,Many medium-sized factors,
9,sample_4,0,Factor the number 31369635957097647841 into its prime factors.,31369635957097647841,311 × 503 × 907 × 4421 × 5501 × 9091,6,231.14474536604118,65,research,Many medium-sized factors,311 × 503 × 907 × 4421 × 5501 × 9091
9,sample_4,1,"Is 31369635957097647841 a product of exactly 6 primes? If so, what are they?",31369635957097647841,311 × 503 × 907 × 4421 × 5501 × 9091,6,231.14474536604118,65,research,Many medium-sized factors,31369635957097647841
9,sample_4,2,"Find the signature ω_K(31369635957097647841) for K = [2, 3, 4].",31369635957097647841,311 × 503 × 907 × 4421 × 5501 × 9091,6,231.14474536604118,65,research,Many medium-sized factors,
9,sample_4,3,"Determine whether 31369635957097647841 belongs to S(6,[2, 3, 4]).",31369635957097647841,311 × 503 × 907 × 4421 × 5501 × 9091,6,231.14474536604118,65,research,Many medium-sized factors,
13,sample_0,0,Factor the number 1108642838498246135129569548353899765399643456485538281658037309827240591 into its prime factors.,1108642838498246135129569548353899765399643456485538281658037309827240591,62221730766791872093 × 89909643721437312645979 × 198172456069789394087412756353,3,0.0,240,quantum_resistant,Quantum-resistant multi-factor (256-bit),62221730766791872093 × 89909643721437312645979 × 198172456069789394087412756353
13,sample_0,1,"Is 1108642838498246135129569548353899765399643456485538281658037309827240591 a product of exactly 3 primes? If so, what are they?",1108642838498246135129569548353899765399643456485538281658037309827240591,62221730766791872093 × 89909643721437312645979 × 198172456069789394087412756353,3,0.0,240,quantum_resistant,Quantum-resistant multi-factor (256-bit),1108642838498246135129569548353899765399643456485538281658037309827240591
13,sample_0,2,Find the signature ω_K(1108642838498246135129569548353899765399643456485538281658037309827240591) for K = [].,1108642838498246135129569548353899765399643456485538281658037309827240591,62221730766791872093 × 89909643721437312645979 × 198172456069789394087412756353,3,0.0,240,quantum_resistant,Quantum-resistant multi-factor (256-bit),
13,sample_0,3,"Determine whether 1108642838498246135129569548353899765399643456485538281658037309827240591 belongs to S(3,[]).",1108642838498246135129569548353899765399643456485538281658037309827240591,62221730766791872093 × 89909643721437312645979 × 198172456069789394087412756353,3,0.0,240,quantum_resistant,Quantum-resistant multi-factor (256-bit),
13,sample_1,0,Factor the number 359470118545428746848267326816680178785657095911775717228711292422466448839649739834753289643355477 into its prime factors.,359470118545428746848267326816680178785657095911775717228711292422466448839649739834753289643355477,337694947470639781178858423 × 4545407384354676909045407914135951 × 234188421255197245137861481692256842749,3,0.0,328,quantum_resistant,Quantum-resistant multi-factor (256-bit),337694947470639781178858423 × 4545407384354676909045407914135951 × 234188421255197245137861481692256842749
13,sample_1,1,"Is 359470118545428746848267326816680178785657095911775717228711292422466448839649739834753289643355477 a product of exactly 3 primes? If so, what are they?",359470118545428746848267326816680178785657095911775717228711292422466448839649739834753289643355477,337694947470639781178858423 × 4545407384354676909045407914135951 × 234188421255197245137861481692256842749,3,0.0,328,quantum_resistant,Quantum-resistant multi-factor (256-bit),359470118545428746848267326816680178785657095911775717228711292422466448839649739834753289643355477
13,sample_1,2,Find the signature ω_K(359470118545428746848267326816680178785657095911775717228711292422466448839649739834753289643355477) for K = [].,359470118545428746848267326816680178785657095911775717228711292422466448839649739834753289643355477,337694947470639781178858423 × 4545407384354676909045407914135951 × 234188421255197245137861481692256842749,3,0.0,328,quantum_resistant,Quantum-resistant multi-factor (256-bit),
13,sample_1,3,"Determine whether 359470118545428746848267326816680178785657095911775717228711292422466448839649739834753289643355477 belongs to S(3,[]).",359470118545428746848267326816680178785657095911775717228711292422466448839649739834753289643355477,337694947470639781178858423 × 4545407384354676909045407914135951 × 234188421255197245137861481692256842749,3,0.0,328,quantum_resistant,Quantum-resistant multi-factor (256-bit),
13,sample_2,0,Factor the number 52213819943645109553718266959712161945000134955853329244118196749053990967618680467574428409 into its prime factors.,52213819943645109553718266959712161945000134955853329244118196749053990967618680467574428409,203005791784217993529384835358101 × 79963185388376045413907633538823667 × 3216525156783693505749527,3,0.0,305,quantum_resistant,Quantum-resistant multi-factor (256-bit),203005791784217993529384835358101 × 79963185388376045413907633538823667 × 3216525156783693505749527
13,sample_2,1,"Is 52213819943645109553718266959712161945000134955853329244118196749053990967618680467574428409 a product of exactly 3 primes? If so, what are they?",52213819943645109553718266959712161945000134955853329244118196749053990967618680467574428409,203005791784217993529384835358101 × 79963185388376045413907633538823667 × 3216525156783693505749527,3,0.0,305,quantum_resistant,Quantum-resistant multi-factor (256-bit),52213819943645109553718266959712161945000134955853329244118196749053990967618680467574428409
13,sample_2,2,Find the signature ω_K(52213819943645109553718266959712161945000134955853329244118196749053990967618680467574428409) for K = [].,52213819943645109553718266959712161945000134955853329244118196749053990967618680467574428409,203005791784217993529384835358101 × 79963185388376045413907633538823667 × 3216525156783693505749527,3,0.0,305,quantum_resistant,Quantum-resistant multi-factor (256-bit),
13,sample_2,3,"Determine whether 52213819943645109553718266959712161945000134955853329244118196749053990967618680467574428409 belongs to S(3,[]).",52213819943645109553718266959712161945000134955853329244118196749053990967618680467574428409,203005791784217993529384835358101 × 79963185388376045413907633538823667 × 3216525156783693505749527,3,0.0,305,quantum_resistant,Quantum-resistant multi-factor (256-bit),
13,sample_3,0,Factor the number 2427614938559273182955256976946306343980372671934963878344461681437765375493660148519924926639595517 into its prime factors.,2427614938559273182955256976946306343980372671934963878344461681437765375493660148519924926639595517,116708590291801493767183538525239 × 53613494559781816808387672252317 × 387974214278115467497126372470459559,3,0.0,331,quantum_resistant,Quantum-resistant multi-factor (256-bit),116708590291801493767183538525239 × 53613494559781816808387672252317 × 387974214278115467497126372470459559
13,sample_3,1,"Is 2427614938559273182955256976946306343980372671934963878344461681437765375493660148519924926639595517 a product of exactly 3 primes? If so, what are they?",2427614938559273182955256976946306343980372671934963878344461681437765375493660148519924926639595517,116708590291801493767183538525239 × 53613494559781816808387672252317 × 387974214278115467497126372470459559,3,0.0,331,quantum_resistant,Quantum-resistant multi-factor (256-bit),2427614938559273182955256976946306343980372671934963878344461681437765375493660148519924926639595517
13,sample_3,2,Find the signature ω_K(2427614938559273182955256976946306343980372671934963878344461681437765375493660148519924926639595517) for K = [].,2427614938559273182955256976946306343980372671934963878344461681437765375493660148519924926639595517,116708590291801493767183538525239 × 53613494559781816808387672252317 × 387974214278115467497126372470459559,3,0.0,331,quantum_resistant,Quantum-resistant multi-factor (256-bit),
13,sample_3,3,"Determine whether 2427614938559273182955256976946306343980372671934963878344461681437765375493660148519924926639595517 belongs to S(3,[]).",2427614938559273182955256976946306343980372671934963878344461681437765375493660148519924926639595517,116708590291801493767183538525239 × 53613494559781816808387672252317 × 387974214278115467497126372470459559,3,0.0,331,quantum_resistant,Quantum-resistant multi-factor (256-bit),
13,sample_4,0,Factor the number 3181078173640635488004284344435956180820331440489699101878661240086833980252953 into its prime factors.,3181078173640635488004284344435956180820331440489699101878661240086833980252953,1431892454807122254807983 × 2367244267551994107234936354427 × 938471023281579721868533,3,0.0,261,quantum_resistant,Quantum-resistant multi-factor (256-bit),1431892454807122254807983 × 2367244267551994107234936354427 × 938471023281579721868533
13,sample_4,1,"Is 3181078173640635488004284344435956180820331440489699101878661240086833980252953 a product of exactly 3 primes? If so, what are they?",3181078173640635488004284344435956180820331440489699101878661240086833980252953,1431892454807122254807983 × 2367244267551994107234936354427 × 938471023281579721868533,3,0.0,261,quantum_resistant,Quantum-resistant multi-factor (256-bit),3181078173640635488004284344435956180820331440489699101878661240086833980252953
13,sample_4,2,Find the signature ω_K(3181078173640635488004284344435956180820331440489699101878661240086833980252953) for K = [].,3181078173640635488004284344435956180820331440489699101878661240086833980252953,1431892454807122254807983 × 2367244267551994107234936354427 × 938471023281579721868533,3,0.0,261,quantum_resistant,Quantum-resistant multi-factor (256-bit),
13,sample_4,3,"Determine whether 3181078173640635488004284344435956180820331440489699101878661240086833980252953 belongs to S(3,[]).",3181078173640635488004284344435956180820331440489699101878661240086833980252953,1431892454807122254807983 × 2367244267551994107234936354427 × 938471023281579721868533,3,0.0,261,quantum_resistant,Quantum-resistant multi-factor (256-bit),
14,sample_0,0,Factor the number 1417074910078154242593078885555958086813593977955604481707325027322531484916216213742487993739215828015246248495745540505275167358672180183854782822708604975915863126561448156407357850665913875287039353443 into its prime factors.,1417074910078154242593078885555958086813593977955604481707325027322531484916216213742487993739215828015246248495745540505275167358672180183854782822708604975915863126561448156407357850665913875287039353443,42988871116844508737740613327744725992734692050958500506522633935026660299 × 439028325011235337279493795204021006326274214587996701039 × 75083451296783375725017849045251385732174219568261036259953839571170753863,3,0.0,679,quantum_resistant,Quantum-resistant multi-factor (512-bit),42988871116844508737740613327744725992734692050958500506522633935026660299 × 439028325011235337279493795204021006326274214587996701039 × 75083451296783375725017849045251385732174219568261036259953839571170753863
14,sample_0,1,"Is 1417074910078154242593078885555958086813593977955604481707325027322531484916216213742487993739215828015246248495745540505275167358672180183854782822708604975915863126561448156407357850665913875287039353443 a product of exactly 3 primes? If so, what are they?",1417074910078154242593078885555958086813593977955604481707325027322531484916216213742487993739215828015246248495745540505275167358672180183854782822708604975915863126561448156407357850665913875287039353443,42988871116844508737740613327744725992734692050958500506522633935026660299 × 439028325011235337279493795204021006326274214587996701039 × 75083451296783375725017849045251385732174219568261036259953839571170753863,3,0.0,679,quantum_resistant,Quantum-resistant multi-factor (512-bit),1417074910078154242593078885555958086813593977955604481707325027322531484916216213742487993739215828015246248495745540505275167358672180183854782822708604975915863126561448156407357850665913875287039353443
14,sample_0,2,Find the signature ω_K(1417074910078154242593078885555958086813593977955604481707325027322531484916216213742487993739215828015246248495745540505275167358672180183854782822708604975915863126561448156407357850665913875287039353443) for K = [].,1417074910078154242593078885555958086813593977955604481707325027322531484916216213742487993739215828015246248495745540505275167358672180183854782822708604975915863126561448156407357850665913875287039353443,42988871116844508737740613327744725992734692050958500506522633935026660299 × 439028325011235337279493795204021006326274214587996701039 × 75083451296783375725017849045251385732174219568261036259953839571170753863,3,0.0,679,quantum_resistant,Quantum-resistant multi-factor (512-bit),
14,sample_0,3,"Determine whether 1417074910078154242593078885555958086813593977955604481707325027322531484916216213742487993739215828015246248495745540505275167358672180183854782822708604975915863126561448156407357850665913875287039353443 belongs to S(3,[]).",1417074910078154242593078885555958086813593977955604481707325027322531484916216213742487993739215828015246248495745540505275167358672180183854782822708604975915863126561448156407357850665913875287039353443,42988871116844508737740613327744725992734692050958500506522633935026660299 × 439028325011235337279493795204021006326274214587996701039 × 75083451296783375725017849045251385732174219568261036259953839571170753863,3,0.0,679,quantum_resistant,Quantum-resistant multi-factor (512-bit),
14,sample_1,0,Factor the number 19576694478861040293055625832850482636196729334630860193776127011083322904582397365529804948641657099344350263969728033312138465284447980301398829476682820309918212331464944440979457989 into its prime factors.,19576694478861040293055625832850482636196729334630860193776127011083322904582397365529804948641657099344350263969728033312138465284447980301398829476682820309918212331464944440979457989,75975566762604482480317817704119105078257622894255851272816506317754883484213 × 664747369767630719584967993286661443823 × 387622329298912603416384406026774478640254504294440094304120660261311,3,0.0,613,quantum_resistant,Quantum-resistant multi-factor (512-bit),75975566762604482480317817704119105078257622894255851272816506317754883484213 × 664747369767630719584967993286661443823 × 387622329298912603416384406026774478640254504294440094304120660261311
14,sample_1,1,"Is 19576694478861040293055625832850482636196729334630860193776127011083322904582397365529804948641657099344350263969728033312138465284447980301398829476682820309918212331464944440979457989 a product of exactly 3 primes? If so, what are they?",19576694478861040293055625832850482636196729334630860193776127011083322904582397365529804948641657099344350263969728033312138465284447980301398829476682820309918212331464944440979457989,75975566762604482480317817704119105078257622894255851272816506317754883484213 × 664747369767630719584967993286661443823 × 387622329298912603416384406026774478640254504294440094304120660261311,3,0.0,613,quantum_resistant,Quantum-resistant multi-factor (512-bit),19576694478861040293055625832850482636196729334630860193776127011083322904582397365529804948641657099344350263969728033312138465284447980301398829476682820309918212331464944440979457989
14,sample_1,2,Find the signature ω_K(19576694478861040293055625832850482636196729334630860193776127011083322904582397365529804948641657099344350263969728033312138465284447980301398829476682820309918212331464944440979457989) for K = [].,19576694478861040293055625832850482636196729334630860193776127011083322904582397365529804948641657099344350263969728033312138465284447980301398829476682820309918212331464944440979457989,75975566762604482480317817704119105078257622894255851272816506317754883484213 × 664747369767630719584967993286661443823 × 387622329298912603416384406026774478640254504294440094304120660261311,3,0.0,613,quantum_resistant,Quantum-resistant multi-factor (512-bit),
14,sample_1,3,"Determine whether 19576694478861040293055625832850482636196729334630860193776127011083322904582397365529804948641657099344350263969728033312138465284447980301398829476682820309918212331464944440979457989 belongs to S(3,[]).",19576694478861040293055625832850482636196729334630860193776127011083322904582397365529804948641657099344350263969728033312138465284447980301398829476682820309918212331464944440979457989,75975566762604482480317817704119105078257622894255851272816506317754883484213 × 664747369767630719584967993286661443823 × 387622329298912603416384406026774478640254504294440094304120660261311,3,0.0,613,quantum_resistant,Quantum-resistant multi-factor (512-bit),
14,sample_2,0,Factor the number 55745053927421509344597919386993220315632838680991625215742125535096481485427334864545131486436199803922705563799202621017601835651435779503744527599033757868776645698904707768789530376980057 into its prime factors.,55745053927421509344597919386993220315632838680991625215742125535096481485427334864545131486436199803922705563799202621017601835651435779503744527599033757868776645698904707768789530376980057,21424599561825004863588360892153553125799188061862560275225970383 × 77577993826209418926496535554378408542693268790301672279383617 × 33539384005454499760578049096274949138200890315556722561633768087,3,0.0,634,quantum_resistant,Quantum-resistant multi-factor (512-bit),21424599561825004863588360892153553125799188061862560275225970383 × 77577993826209418926496535554378408542693268790301672279383617 × 33539384005454499760578049096274949138200890315556722561633768087
14,sample_2,1,"Is 55745053927421509344597919386993220315632838680991625215742125535096481485427334864545131486436199803922705563799202621017601835651435779503744527599033757868776645698904707768789530376980057 a product of exactly 3 primes? If so, what are they?",55745053927421509344597919386993220315632838680991625215742125535096481485427334864545131486436199803922705563799202621017601835651435779503744527599033757868776645698904707768789530376980057,21424599561825004863588360892153553125799188061862560275225970383 × 77577993826209418926496535554378408542693268790301672279383617 × 33539384005454499760578049096274949138200890315556722561633768087,3,0.0,634,quantum_resistant,Quantum-resistant multi-factor (512-bit),55745053927421509344597919386993220315632838680991625215742125535096481485427334864545131486436199803922705563799202621017601835651435779503744527599033757868776645698904707768789530376980057
14,sample_2,2,Find the signature ω_K(55745053927421509344597919386993220315632838680991625215742125535096481485427334864545131486436199803922705563799202621017601835651435779503744527599033757868776645698904707768789530376980057) for K = [].,55745053927421509344597919386993220315632838680991625215742125535096481485427334864545131486436199803922705563799202621017601835651435779503744527599033757868776645698904707768789530376980057,21424599561825004863588360892153553125799188061862560275225970383 × 77577993826209418926496535554378408542693268790301672279383617 × 33539384005454499760578049096274949138200890315556722561633768087,3,0.0,634,quantum_resistant,Quantum-resistant multi-factor (512-bit),
14,sample_2,3,"Determine whether 55745053927421509344597919386993220315632838680991625215742125535096481485427334864545131486436199803922705563799202621017601835651435779503744527599033757868776645698904707768789530376980057 belongs to S(3,[]).",55745053927421509344597919386993220315632838680991625215742125535096481485427334864545131486436199803922705563799202621017601835651435779503744527599033757868776645698904707768789530376980057,21424599561825004863588360892153553125799188061862560275225970383 × 77577993826209418926496535554378408542693268790301672279383617 × 33539384005454499760578049096274949138200890315556722561633768087,3,0.0,634,quantum_resistant,Quantum-resistant multi-factor (512-bit),
14,sample_3,0,Factor the number 124563702707146760014009518660083179474641678006318231523758532992089084003861265150990927415826594634546445734955072478834448065390562508372494059514189754294979395115536122212243950183305493 into its prime factors.,124563702707146760014009518660083179474641678006318231523758532992089084003861265150990927415826594634546445734955072478834448065390562508372494059514189754294979395115536122212243950183305493,11507939805185107920562059033618932631788720485724317 × 3854638907275008149074769540608649264247899477402248908592662394927111 × 2808084854195180676101011511910035980994672079358229562062320054852639,3,0.0,635,quantum_resistant,Quantum-resistant multi-factor (512-bit),11507939805185107920562059033618932631788720485724317 × 3854638907275008149074769540608649264247899477402248908592662394927111 × 2808084854195180676101011511910035980994672079358229562062320054852639
14,sample_3,1,"Is 124563702707146760014009518660083179474641678006318231523758532992089084003861265150990927415826594634546445734955072478834448065390562508372494059514189754294979395115536122212243950183305493 a product of exactly 3 primes? If so, what are they?",124563702707146760014009518660083179474641678006318231523758532992089084003861265150990927415826594634546445734955072478834448065390562508372494059514189754294979395115536122212243950183305493,11507939805185107920562059033618932631788720485724317 × 3854638907275008149074769540608649264247899477402248908592662394927111 × 2808084854195180676101011511910035980994672079358229562062320054852639,3,0.0,635,quantum_resistant,Quantum-resistant multi-factor (512-bit),124563702707146760014009518660083179474641678006318231523758532992089084003861265150990927415826594634546445734955072478834448065390562508372494059514189754294979395115536122212243950183305493
14,sample_3,2,Find the signature ω_K(124563702707146760014009518660083179474641678006318231523758532992089084003861265150990927415826594634546445734955072478834448065390562508372494059514189754294979395115536122212243950183305493) for K = [].,124563702707146760014009518660083179474641678006318231523758532992089084003861265150990927415826594634546445734955072478834448065390562508372494059514189754294979395115536122212243950183305493,11507939805185107920562059033618932631788720485724317 × 3854638907275008149074769540608649264247899477402248908592662394927111 × 2808084854195180676101011511910035980994672079358229562062320054852639,3,0.0,635,quantum_resistant,Quantum-resistant multi-factor (512-bit),
14,sample_3,3,"Determine whether 124563702707146760014009518660083179474641678006318231523758532992089084003861265150990927415826594634546445734955072478834448065390562508372494059514189754294979395115536122212243950183305493 belongs to S(3,[]).",124563702707146760014009518660083179474641678006318231523758532992089084003861265150990927415826594634546445734955072478834448065390562508372494059514189754294979395115536122212243950183305493,11507939805185107920562059033618932631788720485724317 × 3854638907275008149074769540608649264247899477402248908592662394927111 × 2808084854195180676101011511910035980994672079358229562062320054852639,3,0.0,635,quantum_resistant,Quantum-resistant multi-factor (512-bit),
14,sample_4,0,Factor the number 727304070197812974391353623981597200263555752728736029995015053326686359320550913348879406123006351951829702461221224447252029054152769446686158893077340259019753728007 into its prime factors.,727304070197812974391353623981597200263555752728736029995015053326686359320550913348879406123006351951829702461221224447252029054152769446686158893077340259019753728007,8833059310190982432556788434601955669924650663846444119 × 48462029359043165587496835541209287120295067724090493737813206112745947609 × 1699038715398315635709603694319471673017,3,0.0,558,quantum_resistant,Quantum-resistant multi-factor (512-bit),8833059310190982432556788434601955669924650663846444119 × 48462029359043165587496835541209287120295067724090493737813206112745947609 × 1699038715398315635709603694319471673017
14,sample_4,1,"Is 727304070197812974391353623981597200263555752728736029995015053326686359320550913348879406123006351951829702461221224447252029054152769446686158893077340259019753728007 a product of exactly 3 primes? If so, what are they?",727304070197812974391353623981597200263555752728736029995015053326686359320550913348879406123006351951829702461221224447252029054152769446686158893077340259019753728007,8833059310190982432556788434601955669924650663846444119 × 48462029359043165587496835541209287120295067724090493737813206112745947609 × 1699038715398315635709603694319471673017,3,0.0,558,quantum_resistant,Quantum-resistant multi-factor (512-bit),727304070197812974391353623981597200263555752728736029995015053326686359320550913348879406123006351951829702461221224447252029054152769446686158893077340259019753728007
14,sample_4,2,Find the signature ω_K(727304070197812974391353623981597200263555752728736029995015053326686359320550913348879406123006351951829702461221224447252029054152769446686158893077340259019753728007) for K = [].,727304070197812974391353623981597200263555752728736029995015053326686359320550913348879406123006351951829702461221224447252029054152769446686158893077340259019753728007,8833059310190982432556788434601955669924650663846444119 × 48462029359043165587496835541209287120295067724090493737813206112745947609 × 1699038715398315635709603694319471673017,3,0.0,558,quantum_resistant,Quantum-resistant multi-factor (512-bit),
14,sample_4,3,"Determine whether 727304070197812974391353623981597200263555752728736029995015053326686359320550913348879406123006351951829702461221224447252029054152769446686158893077340259019753728007 belongs to S(3,[]).",727304070197812974391353623981597200263555752728736029995015053326686359320550913348879406123006351951829702461221224447252029054152769446686158893077340259019753728007,8833059310190982432556788434601955669924650663846444119 × 48462029359043165587496835541209287120295067724090493737813206112745947609 × 1699038715398315635709603694319471673017,3,0.0,558,quantum_resistant,Quantum-resistant multi-factor (512-bit),
15,sample_0,0,Factor the number 28805537310287532100258103469659584856080689885604050760998403932320118867868877 into its prime factors.,28805537310287532100258103469659584856080689885604050760998403932320118867868877,5367079029629387905633350637019476741613 × 5367079029629387905633350637019476741729,2,0.0,264,adversarial,Near-prime challenge - extremely close primes,5367079029629387905633350637019476741613 × 5367079029629387905633350637019476741729
15,sample_0,1,"Is 28805537310287532100258103469659584856080689885604050760998403932320118867868877 a product of exactly 2 primes? If so, what are they?",28805537310287532100258103469659584856080689885604050760998403932320118867868877,5367079029629387905633350637019476741613 × 5367079029629387905633350637019476741729,2,0.0,264,adversarial,Near-prime challenge - extremely close primes,28805537310287532100258103469659584856080689885604050760998403932320118867868877
15,sample_0,2,Find the signature ω_K(28805537310287532100258103469659584856080689885604050760998403932320118867868877) for K = [].,28805537310287532100258103469659584856080689885604050760998403932320118867868877,5367079029629387905633350637019476741613 × 5367079029629387905633350637019476741729,2,0.0,264,adversarial,Near-prime challenge - extremely close primes,
15,sample_0,3,"Determine whether 28805537310287532100258103469659584856080689885604050760998403932320118867868877 belongs to S(2,[]).",28805537310287532100258103469659584856080689885604050760998403932320118867868877,5367079029629387905633350637019476741613 × 5367079029629387905633350637019476741729,2,0.0,264,adversarial,Near-prime challenge - extremely close primes,
15,sample_1,0,Factor the number 75094306758754515497491383899210382579536984820642132032150809949279189161539817 into its prime factors.,75094306758754515497491383899210382579536984820642132032150809949279189161539817,8665697130569156667327897056751081265769 × 8665697130569156667327897056751081265793,2,0.0,266,adversarial,Near-prime challenge - extremely close primes,8665697130569156667327897056751081265769 × 8665697130569156667327897056751081265793
15,sample_1,1,"Is 75094306758754515497491383899210382579536984820642132032150809949279189161539817 a product of exactly 2 primes? If so, what are they?",75094306758754515497491383899210382579536984820642132032150809949279189161539817,8665697130569156667327897056751081265769 × 8665697130569156667327897056751081265793,2,0.0,266,adversarial,Near-prime challenge - extremely close primes,75094306758754515497491383899210382579536984820642132032150809949279189161539817
15,sample_1,2,Find the signature ω_K(75094306758754515497491383899210382579536984820642132032150809949279189161539817) for K = [].,75094306758754515497491383899210382579536984820642132032150809949279189161539817,8665697130569156667327897056751081265769 × 8665697130569156667327897056751081265793,2,0.0,266,adversarial,Near-prime challenge - extremely close primes,
15,sample_1,3,"Determine whether 75094306758754515497491383899210382579536984820642132032150809949279189161539817 belongs to S(2,[]).",75094306758754515497491383899210382579536984820642132032150809949279189161539817,8665697130569156667327897056751081265769 × 8665697130569156667327897056751081265793,2,0.0,266,adversarial,Near-prime challenge - extremely close primes,
15,sample_2,0,Factor the number 84162504167864544778358312977914055316822592672099237707065080064629368909255273 into its prime factors.,84162504167864544778358312977914055316822592672099237707065080064629368909255273,9174012435562998776502167742896193136159 × 9174012435562998776502167742896193136247,2,0.0,266,adversarial,Near-prime challenge - extremely close primes,9174012435562998776502167742896193136159 × 9174012435562998776502167742896193136247
15,sample_2,1,"Is 84162504167864544778358312977914055316822592672099237707065080064629368909255273 a product of exactly 2 primes? If so, what are they?",84162504167864544778358312977914055316822592672099237707065080064629368909255273,9174012435562998776502167742896193136159 × 9174012435562998776502167742896193136247,2,0.0,266,adversarial,Near-prime challenge - extremely close primes,84162504167864544778358312977914055316822592672099237707065080064629368909255273
15,sample_2,2,Find the signature ω_K(84162504167864544778358312977914055316822592672099237707065080064629368909255273) for K = [].,84162504167864544778358312977914055316822592672099237707065080064629368909255273,9174012435562998776502167742896193136159 × 9174012435562998776502167742896193136247,2,0.0,266,adversarial,Near-prime challenge - extremely close primes,
15,sample_2,3,"Determine whether 84162504167864544778358312977914055316822592672099237707065080064629368909255273 belongs to S(2,[]).",84162504167864544778358312977914055316822592672099237707065080064629368909255273,9174012435562998776502167742896193136159 × 9174012435562998776502167742896193136247,2,0.0,266,adversarial,Near-prime challenge - extremely close primes,
15,sample_3,0,Factor the number 94793427190659940241085744334222937941006038467751647250751049302373755585216379 into its prime factors.,94793427190659940241085744334222937941006038467751647250751049302373755585216379,9736191616369305015173057895371179464367 × 9736191616369305015173057895371179464437,2,0.0,266,adversarial,Near-prime challenge - extremely close primes,9736191616369305015173057895371179464367 × 9736191616369305015173057895371179464437
15,sample_3,1,"Is 94793427190659940241085744334222937941006038467751647250751049302373755585216379 a product of exactly 2 primes? If so, what are they?",94793427190659940241085744334222937941006038467751647250751049302373755585216379,9736191616369305015173057895371179464367 × 9736191616369305015173057895371179464437,2,0.0,266,adversarial,Near-prime challenge - extremely close primes,94793427190659940241085744334222937941006038467751647250751049302373755585216379
15,sample_3,2,Find the signature ω_K(94793427190659940241085744334222937941006038467751647250751049302373755585216379) for K = [].,94793427190659940241085744334222937941006038467751647250751049302373755585216379,9736191616369305015173057895371179464367 × 9736191616369305015173057895371179464437,2,0.0,266,adversarial,Near-prime challenge - extremely close primes,
15,sample_3,3,"Determine whether 94793427190659940241085744334222937941006038467751647250751049302373755585216379 belongs to S(2,[]).",94793427190659940241085744334222937941006038467751647250751049302373755585216379,9736191616369305015173057895371179464367 × 9736191616369305015173057895371179464437,2,0.0,266,adversarial,Near-prime challenge - extremely close primes,
15,sample_4,0,Factor the number 63562024143294007773742630850286050298515649446103636997633458064024520281331009 into its prime factors.,63562024143294007773742630850286050298515649446103636997633458064024520281331009,7972579516272886178741510590393583892101 × 7972579516272886178741510590393583892109,2,0.0,266,adversarial,Near-prime challenge - extremely close primes,7972579516272886178741510590393583892101 × 7972579516272886178741510590393583892109
15,sample_4,1,"Is 63562024143294007773742630850286050298515649446103636997633458064024520281331009 a product of exactly 2 primes? If so, what are they?",63562024143294007773742630850286050298515649446103636997633458064024520281331009,7972579516272886178741510590393583892101 × 7972579516272886178741510590393583892109,2,0.0,266,adversarial,Near-prime challenge - extremely close primes,63562024143294007773742630850286050298515649446103636997633458064024520281331009
15,sample_4,2,Find the signature ω_K(63562024143294007773742630850286050298515649446103636997633458064024520281331009) for K = [].,63562024143294007773742630850286050298515649446103636997633458064024520281331009,7972579516272886178741510590393583892101 × 7972579516272886178741510590393583892109,2,0.0,266,adversarial,Near-prime challenge - extremely close primes,
15,sample_4,3,"Determine whether 63562024143294007773742630850286050298515649446103636997633458064024520281331009 belongs to S(2,[]).",63562024143294007773742630850286050298515649446103636997633458064024520281331009,7972579516272886178741510590393583892101 × 7972579516272886178741510590393583892109,2,0.0,266,adversarial,Near-prime challenge - extremely close primes,
